USER_ID,TAGS
adrienne_kenyon,Social Sciences
adrienne_kenyon,Arts
adulfo_blanco,Humanities
adulfo_blanco,Online
adulfo_blanco,Graduate School of Arts and Sciences
adulfo_blanco,Seminar
adulfo_blanco,Humanities
adulfo_blanco,Seminar
adulfo_blanco,Arts
adulfo_blanco,International and Public Affairs
alexis_newman,Humanities
alexis_newman,Social Sciences
alexis_newman,Morningside
alexis_newman,Humanities
alexis_newman,International and Public Affairs
alexis_newman,Humanities
alexis_newman,Online
alexis_newman,Seminar
alice!_health_promotion,Graduate School of Arts and Sciences
alice!_health_promotion,Online
alice!_health_promotion,Graduate School of Arts and Sciences
"alison_taylor,_phd",Seminar
"alison_taylor,_phd",Humanities
"alison_taylor,_phd",Morningside
"alison_taylor,_phd",Humanities
alliance_program,Arts
amoy_ansell-poirier,Morningside
amoy_ansell-poirier,Humanities
amoy_ansell-poirier,Humanities
amoy_ansell-poirier,Online
amoy_ansell-poirier,Arts
amoy_ansell-poirier,Humanities
amoy_ansell-poirier,Social Sciences
amoy_ansell-poirier,Online
andrew_lloyd,Seminar
andrew_lloyd,Graduate School of Arts and Sciences
andy_revkin,Graduate School of Arts and Sciences
andy_revkin,International and Public Affairs
andy_revkin,Morningside
andy_revkin,Social Sciences
andy_revkin,Graduate School of Arts and Sciences
andy_revkin,Humanities
andy_revkin,Morningside
andy_revkin,Online
annie_leal,International and Public Affairs
annie_leal,Social Sciences
anushaï¿½shrivastava,Humanities
apam_department,Arts
apam_department,Social Sciences
apam_department,Online
apam_department,Arts
apam_department,International and Public Affairs
apam_department,Humanities
apam_department,Online
apam_department,Arts
audrey_litvak,International and Public Affairs
audrey_litvak,Graduate School of Arts and Sciences
beatriz_guillen,Graduate School of Arts and Sciences
beatriz_guillen,Social Sciences
beatriz_guillen,Humanities
beatriz_guillen,Morningside
beatriz_guillen,International and Public Affairs
ben_chiewphasa,Social Sciences
ben_chiewphasa,Arts
ben_chiewphasa,Online
ben_chiewphasa,Social Sciences
ben_chiewphasa,International and Public Affairs
ben_chiewphasa,Graduate School of Arts and Sciences
ben_mylius,Arts
beth_hanson,Online
beth_hanson,Online
beth_hanson,Online
beth_hanson,Graduate School of Arts and Sciences
beth_hanson,Arts
brianna_gutierrez,Seminar
bridget_morse-karzen,Arts
brown_institute,Online
brown_institute,Seminar
caitlin_hawke,International and Public Affairs
caitlin_hawke,Seminar
caitlin_hawke,Online
carly_jackson,Social Sciences
carly_jackson,Seminar
carly_jackson,Social Sciences
carly_jackson,Seminar
carly_jackson,Online
carly_jackson,Seminar
carly_jackson,International and Public Affairs
carly_jackson,Humanities
cassandra_nathan,Arts
cassandra_nathan,Social Sciences
cassandra_nathan,Morningside
cassandra_nathan,International and Public Affairs
cassie_xu,Humanities
cassie_xu,Morningside
cassie_xu,Graduate School of Arts and Sciences
cassie_xu,Humanities
cassie_xu,Online
cassie_xu,Online
cassie_xu,Arts
cassie_xu,Social Sciences
cdi,Online
center_for_american_studies,Humanities
center_for_american_studies,Graduate School of Arts and Sciences
center_for_jazz_studies,International and Public Affairs
center_for_jazz_studies,Arts
center_for_jazz_studies,Online
center_for_jazz_studies,Arts
center_for_research_on_people_of_color,Seminar
center_for_research_on_people_of_color,Seminar
center_for_research_on_people_of_color,Arts
center_for_research_on_people_of_color,Graduate School of Arts and Sciences
center_for_research_on_people_of_color,International and Public Affairs
center_for_research_on_people_of_color,Arts
center_for_research_on_people_of_color,Online
center_for_science_and_society,Seminar
center_for_science_and_society,Seminar
center_for_science_and_society,Humanities
center_for_science_and_society,Arts
center_for_science_and_society,Humanities
"center_for_sustainable_futures_at_teachers_college,_columbia_university",Social Sciences
"center_for_sustainable_futures_at_teachers_college,_columbia_university",Morningside
"center_for_sustainable_futures_at_teachers_college,_columbia_university",Online
"center_for_sustainable_futures_at_teachers_college,_columbia_university",Social Sciences
"center_for_sustainable_futures_at_teachers_college,_columbia_university",Arts
"center_for_sustainable_futures_at_teachers_college,_columbia_university",Seminar
"center_for_sustainable_futures_at_teachers_college,_columbia_university",Morningside
"center_for_sustainable_futures_at_teachers_college,_columbia_university",Morningside
center_for_teaching_and_learning,International and Public Affairs
center_for_teaching_and_learning,Social Sciences
center_for_teaching_and_learning,Humanities
center_for_teaching_and_learning,Seminar
center_for_teaching_and_learning,Graduate School of Arts and Sciences
center_for_teaching_and_learning,Humanities
center_for_undergraduate_global_engagement,Graduate School of Arts and Sciences
center_for_undergraduate_global_engagement,Morningside
center_for_undergraduate_global_engagement,Arts
center_for_undergraduate_global_engagement,Humanities
center_for_undergraduate_global_engagement,International and Public Affairs
center_for_undergraduate_global_engagement,Seminar
center_for_undergraduate_global_engagement,Morningside
center_on_global_economic_governance,Humanities
center_on_global_economic_governance,Online
center_on_global_economic_governance,Morningside
center_on_global_economic_governance,Seminar
center_on_global_energy_policy_at_columbia_sipa,Humanities
"center_on_japanese_economy_and_business,_columbia_business_school",International and Public Affairs
"center_on_japanese_economy_and_business,_columbia_business_school",International and Public Affairs
"center_on_japanese_economy_and_business,_columbia_business_school",Social Sciences
"center_on_japanese_economy_and_business,_columbia_business_school",Seminar
"center_on_japanese_economy_and_business,_columbia_business_school",Humanities
"center_on_japanese_economy_and_business,_columbia_business_school",Seminar
chandler_precht,Morningside
chandler_precht,Humanities
chandler_precht,Graduate School of Arts and Sciences
chandler_precht,International and Public Affairs
chandler_precht,Social Sciences
chandler_precht,International and Public Affairs
chris_won,Seminar
chris_won,Seminar
chris_won,Graduate School of Arts and Sciences
chris_won,Arts
chris_won,Arts
chris_won,Online
chris_won,Morningside
"ciaa,_columbia_international_arbitration_association",Graduate School of Arts and Sciences
"ciaa,_columbia_international_arbitration_association",Graduate School of Arts and Sciences
"ciaa,_columbia_international_arbitration_association",International and Public Affairs
"ciaa,_columbia_international_arbitration_association",International and Public Affairs
"ciaa,_columbia_international_arbitration_association",Online
clara_wilhelm,Online
clara_wilhelm,Online
clara_wilhelm,International and Public Affairs
clara_wilhelm,Online
clara_wilhelm,Morningside
climate_school_events,Seminar
climate_school_events,Graduate School of Arts and Sciences
climate_school_events,Humanities
climate_school_events,Humanities
columbia_alumni,Arts
columbia_alumni,Morningside
columbia_alumni,Humanities
columbia_alumni,Arts
columbia_center_of_ai_tech,Arts
columbia_center_of_ai_tech,Online
columbia_center_of_ai_tech,Morningside
columbia_center_of_ai_tech,International and Public Affairs
columbia_center_of_ai_tech,Humanities
columbia_center_on_sustainable_investment,Morningside
columbia_center_on_sustainable_investment,Graduate School of Arts and Sciences
columbia_center_on_sustainable_investment,Humanities
columbia_climate_school,Online
columbia_climate_school,Arts
columbia_climate_school,Humanities
columbia_climate_school,Humanities
columbia_climate_school,Arts
columbia_climate_school,International and Public Affairs
columbia_climate_school,International and Public Affairs
columbia_climate_school,Humanities
columbia_ctl,Humanities
columbia_ctl,Graduate School of Arts and Sciences
columbia_ctl,Online
columbia_ctl,Seminar
columbia_global_centers_|_paris,Arts
columbia_global_centers_|_paris,Humanities
columbia_global_centers_|_paris,Humanities
columbia_global_centers_|_paris,Seminar
columbia_global_centers_|_paris,Online
columbia_global_centers_|_paris,Graduate School of Arts and Sciences
columbia_health,Humanities
columbia_health,International and Public Affairs
columbia_health,Humanities
columbia_summer_sessions,International and Public Affairs
columbia_university_issg,Morningside
columbia_university_issg,Morningside
cprc,Humanities
cprc,Arts
crpc,Graduate School of Arts and Sciences
crystal_denize,Seminar
crystal_denize,Seminar
cser,Graduate School of Arts and Sciences
cser,Seminar
cser,Seminar
cser,Arts
cser,Humanities
cser,Arts
cser,Morningside
cser,Seminar
cynthia_thomson,Humanities
cynthia_thomson,Social Sciences
cynthia_thomson,Social Sciences
cynthia_thomson,Seminar
cynthia_thomson,Seminar
cynthia_thomson,Online
cynthia_thomson,Arts
cynthia_thomson,Arts
dale_willman,International and Public Affairs
dale_willman,Humanities
dale_willman,Humanities
dan_allalemdjian,Online
dan_allalemdjian,Humanities
dan_allalemdjian,Seminar
dan_allalemdjian,Graduate School of Arts and Sciences
daniel_green,International and Public Affairs
daniel_green,Morningside
daniel_green,International and Public Affairs
daniel_green,Online
daniel_green,Morningside
daniel_green,Graduate School of Arts and Sciences
david_lamb,Seminar
dawoom_jung,Morningside
dawoom_jung,Arts
dawoom_jung,Online
dawoom_jung,Arts
dawoom_jung,International and Public Affairs
dawoom_jung,Graduate School of Arts and Sciences
dawoom_jung,Social Sciences
dawoom_jung,Online
dhriti_jagannathan,Morningside
dhriti_jagannathan,Morningside
dhriti_jagannathan,Graduate School of Arts and Sciences
dhriti_jagannathan,Graduate School of Arts and Sciences
division_of_narrative_medicine,Social Sciences
division_of_narrative_medicine,Morningside
division_of_narrative_medicine,Seminar
division_of_narrative_medicine,Seminar
division_of_narrative_medicine,Social Sciences
division_of_narrative_medicine,Seminar
division_of_narrative_medicine,Social Sciences
division_of_narrative_medicine,Online
dora_ventura,Graduate School of Arts and Sciences
dora_ventura,Graduate School of Arts and Sciences
dora_ventura,Graduate School of Arts and Sciences
dora_ventura,Arts
dupont-columbia_awards,Humanities
dupont-columbia_awards,Humanities
earth_institute_events,Arts
eileen_huhn,Arts
eileen_huhn,Arts
eileen_huhn,International and Public Affairs
eileen_huhn,Arts
eileen_huhn,Seminar
empa_&amp;_picker_center,International and Public Affairs
empa_&amp;_picker_center,Graduate School of Arts and Sciences
empa_&amp;_picker_center,Online
empa_&amp;_picker_center,Morningside
empa_&amp;_picker_center,Morningside
empa_&amp;_picker_center,Social Sciences
empa_&amp;_picker_center,Morningside
empa_&amp;_picker_center,Seminar
environmental_justice_boot_camp,Social Sciences
environmental_mixtures_workshop,Arts
environmental_mixtures_workshop,Graduate School of Arts and Sciences
environmental_mixtures_workshop,Social Sciences
epd_concentration,International and Public Affairs
epd_concentration,Morningside
epd_concentration,Online
epd_concentration,Humanities
epd_concentration,Morningside
epd_concentration,Arts
epd_concentration,Arts
epd_concentration,Humanities
erik_mencos_contreras,Graduate School of Arts and Sciences
erik_mencos_contreras,Seminar
erik_mencos_contreras,Online
erik_mencos_contreras,Seminar
erik_mencos_contreras,Arts
eunhee_choi,Graduate School of Arts and Sciences
eunhee_choi,Arts
eunhee_choi,Online
eunhee_choi,Graduate School of Arts and Sciences
eunhee_choi,Social Sciences
eunhee_choi,Social Sciences
european_institute,Morningside
fanny_l._rodriguez,Graduate School of Arts and Sciences
fanny_l._rodriguez,Graduate School of Arts and Sciences
fanny_l._rodriguez,Graduate School of Arts and Sciences
fanny_l._rodriguez,Seminar
francesca_bartolini,Social Sciences
francesca_bartolini,Online
francesca_bartolini,Humanities
francesca_bartolini,Online
francesca_bartolini,Seminar
francesca_bartolini,International and Public Affairs
francesca_bartolini,Online
gabby_cohen,Arts
gabby_cohen,Seminar
gavin_browning,Seminar
gavin_browning,Arts
gavin_browning,Online
giselle_silvagnoli,Arts
giselle_silvagnoli,Arts
giselle_silvagnoli,Morningside
giselle_silvagnoli,International and Public Affairs
giselle_silvagnoli,Graduate School of Arts and Sciences
gs_alumni_relations,Seminar
gs_alumni_relations,Seminar
gs_alumni_relations,Graduate School of Arts and Sciences
gs_student_life,Online
gs_student_life,International and Public Affairs
gsapp_events,International and Public Affairs
gsapp_events,Morningside
gsapp_events,Seminar
hannah_slow,Seminar
hannah_slow,Arts
hannah_slow,Humanities
hannah_slow,Morningside
hannah_slow,Social Sciences
hannah_slow,Graduate School of Arts and Sciences
harry_kelso,Graduate School of Arts and Sciences
harry_kelso,Arts
harry_kelso,Graduate School of Arts and Sciences
helena_rincon,Seminar
hilary_paredes,International and Public Affairs
hilary_paredes,International and Public Affairs
hilary_paredes,Online
hilary_paredes,Online
hri,Morningside
hri,Online
hri,International and Public Affairs
hung_nguyen,Graduate School of Arts and Sciences
hung_nguyen,Humanities
hung_nguyen,Social Sciences
icap,Graduate School of Arts and Sciences
icap,Arts
icap,Humanities
ignacio_neri_barranco,International and Public Affairs
ignacio_neri_barranco,Social Sciences
ignacio_neri_barranco,International and Public Affairs
ignacio_neri_barranco,Humanities
ignacio_neri_barranco,Graduate School of Arts and Sciences
ilas,Humanities
ilas,Graduate School of Arts and Sciences
ilas,Social Sciences
ilas,Seminar
ilas,Graduate School of Arts and Sciences
ilas,Online
"innovation,_design_and_entrepreneurship",Morningside
institute_for_comparative_literature,Seminar
institute_for_comparative_literature,Social Sciences
institute_for_comparative_literature,Social Sciences
institute_for_comparative_literature,Social Sciences
institute_for_comparative_literature,Morningside
institute_for_comparative_literature,Online
institute_for_comparative_literature,Humanities
institute_for_comparative_literature,Humanities
institute_for_comparative_literature_and_society,Online
institute_for_comparative_literature_and_society,Humanities
institute_for_comparative_literature_and_society,Seminar
institute_for_comparative_literature_and_society,Arts
institute_for_comparative_literature_and_society,Graduate School of Arts and Sciences
institute_for_comparative_literature_and_society,Seminar
institute_for_comparative_literature_and_society,Graduate School of Arts and Sciences
institute_for_israel_and_jewish_studies,International and Public Affairs
institute_for_israel_and_jewish_studies,Online
institute_for_israel_and_jewish_studies,Social Sciences
institute_for_israel_and_jewish_studies,Humanities
international_organization_and_un_studies,International and Public Affairs
international_organization_and_un_studies,Arts
international_organization_and_un_studies,Humanities
international_organization_and_un_studies,International and Public Affairs
international_organization_and_un_studies,Morningside
international_organization_and_un_studies,Humanities
international_organization_and_un_studies,Online
international_organization_and_un_studies,Seminar
irene_hahn,Graduate School of Arts and Sciences
irene_hahn,Arts
irene_hahn,Arts
irene_hahn,Social Sciences
irene_hahn,Social Sciences
irene_hahn,Social Sciences
irene_hahn,Morningside
irene_hahn,Humanities
iri_seminar,Social Sciences
iri_seminar,Online
iri_seminar,Seminar
ishr,Online
ishr,International and Public Affairs
ishr,Graduate School of Arts and Sciences
ishr,Graduate School of Arts and Sciences
ishr,Social Sciences
isso,Arts
isso,International and Public Affairs
isso,Morningside
jacqueline_atkins,Morningside
jacqueline_atkins,International and Public Affairs
jacqueline_atkins,International and Public Affairs
jacqueline_atkins,Social Sciences
jacqueline_atkins,International and Public Affairs
jacqueline_atkins,Arts
jacqueline_atkins,Seminar
janae_buege-mcclain,Seminar
janae_buege-mcclain,Morningside
janae_buege-mcclain,Humanities
janae_buege-mcclain,Graduate School of Arts and Sciences
janae_buege-mcclain,Seminar
janae_buege-mcclain,Morningside
janae_buege-mcclain,Morningside
janae_buege-mcclain,Online
janelle_nunez,Graduate School of Arts and Sciences
janelle_nunez,Graduate School of Arts and Sciences
janelle_nunez,International and Public Affairs
jay_hirsch,Arts
jay_hirsch,Arts
jeff_benjamin,International and Public Affairs
jeff_benjamin,Social Sciences
jeff_benjamin,Arts
jeff_benjamin,Seminar
jeff_benjamin,Graduate School of Arts and Sciences
jeff_benjamin,Morningside
jeff_benjamin,Arts
jeff_benjamin,Arts
jennifer_leach,Online
jennifer_leach,Seminar
jennifer_leach,Online
jennifer_leach,Graduate School of Arts and Sciences
jennifer_leach,Online
jennifer_leach,Social Sciences
jeremiah_mercurio,International and Public Affairs
jeremiah_mercurio,Morningside
jeremiah_mercurio,Social Sciences
jeremiah_mercurio,Social Sciences
jeremiah_mercurio,Morningside
john_tofanelli,Social Sciences
john_tofanelli,Graduate School of Arts and Sciences
jonathan_o._cain,Online
jonathan_santiago,Social Sciences
jonathan_santiago,Arts
jonathan_santiago,Social Sciences
jonathan_santiago,Arts
jonathan_santiago,Online
jonathan_santiago,Morningside
jonathan_santiago,Graduate School of Arts and Sciences
jonathan_santiago,Morningside
jooyeon_kim,Online
jooyeon_kim,Graduate School of Arts and Sciences
jooyeon_kim,Morningside
jooyeon_kim,Humanities
josh_panknin,Arts
josh_panknin,Online
josh_panknin,Online
josh_panknin,Morningside
josh_panknin,Graduate School of Arts and Sciences
josh_panknin,Graduate School of Arts and Sciences
josh_panknin,Morningside
joshua_gleich,Arts
julian_bennett_holmes,Morningside
julie_kwan,Online
julie_kwan,Seminar
julie_kwan,Morningside
julie_kwan,Arts
julie_kwan,Graduate School of Arts and Sciences
julie_kwan,Arts
julie_pozo-cepeda,Humanities
julie_pozo-cepeda,Morningside
julie_pozo-cepeda,Humanities
julie_pozo-cepeda,Graduate School of Arts and Sciences
julie_pozo-cepeda,Humanities
julie_pozo-cepeda,Arts
kaoukab_chebaro,Arts
kaoukab_chebaro,Seminar
kaoukab_chebaro,Graduate School of Arts and Sciences
kaoukab_chebaro,Arts
kaoukab_chebaro,Arts
karen_schimmel,Arts
karen_schimmel,Morningside
karen_schimmel,Morningside
karen_schimmel,Graduate School of Arts and Sciences
karen_schimmel,Seminar
karen_schimmel,International and Public Affairs
karen_wisdom,Graduate School of Arts and Sciences
karen_wisdom,Morningside
karen_wisdom,Seminar
karen_wisdom,Seminar
karen_wisdom,Humanities
karen_wisdom,Morningside
karen_wisdom,Seminar
karinne_ovalles,Humanities
karinne_ovalles,Social Sciences
karinne_ovalles,International and Public Affairs
katelin_walsch,Humanities
katelin_walsch,Online
katelin_walsch,International and Public Affairs
katelin_walsch,Humanities
katelin_walsch,Morningside
keith_gessen,International and Public Affairs
keith_gessen,Graduate School of Arts and Sciences
keith_gessen,Graduate School of Arts and Sciences
keith_gessen,Arts
kemi_adetayo,Social Sciences
khadra_dualeh,Seminar
khadra_dualeh,Morningside
khadra_dualeh,Graduate School of Arts and Sciences
khadra_dualeh,Humanities
kirsten_carlberg,Graduate School of Arts and Sciences
kirsten_carlberg,Graduate School of Arts and Sciences
knight_first_amendment_institute_at_columbia_university,Social Sciences
knight_first_amendment_institute_at_columbia_university,Social Sciences
koushik,Arts
koushik,Social Sciences
koushik,Morningside
koushik,Morningside
koushik,Online
koushik,International and Public Affairs
koushik,International and Public Affairs
koushik,Morningside
kristina_mesoznik,Morningside
kristina_mesoznik,International and Public Affairs
kristina_mesoznik,Morningside
kristina_mesoznik,International and Public Affairs
kristina_mesoznik,Social Sciences
lalena_luna,Social Sciences
lalena_luna,Social Sciences
lalena_luna,Humanities
lalena_luna,Social Sciences
lalena_luna,Arts
lalena_luna,Morningside
laurel_zaima-sheehy,Morningside
laurel_zaima-sheehy,Graduate School of Arts and Sciences
laurel_zaima-sheehy,International and Public Affairs
laurel_zaima-sheehy,Arts
laurel_zaima-sheehy,Seminar
laurel_zaima-sheehy,Humanities
laurel_zaima-sheehy,Online
laurel_zaima-sheehy,Arts
lauren_sagnella,International and Public Affairs
lauren_sagnella,Online
lauren_weigel,Humanities
lauren_weigel,Arts
lauren_weigel,Seminar
lauren_weigel,Graduate School of Arts and Sciences
lauren_weigel,Seminar
lauren_weigel,Seminar
"leisa_a._herrera,_edd",Online
"leisa_a._herrera,_edd",Seminar
"leisa_a._herrera,_edd",Social Sciences
"leisa_a._herrera,_edd",Morningside
"leisa_a._herrera,_edd",Morningside
"leisa_a._herrera,_edd",International and Public Affairs
lilia_hadjiivanova,International and Public Affairs
lilia_hadjiivanova,Humanities
lilia_hadjiivanova,Graduate School of Arts and Sciences
lilia_hadjiivanova,International and Public Affairs
lilia_hadjiivanova,Morningside
lilia_hadjiivanova,Morningside
lilia_hadjiivanova,Morningside
lilia_hadjiivanova,Arts
linda_busacca,Arts
linda_busacca,Seminar
linda_busacca,Social Sciences
linda_busacca,Graduate School of Arts and Sciences
linda_busacca,Graduate School of Arts and Sciences
lisa_lukang,Morningside
lorenza_favrot,Seminar
lorenza_favrot,International and Public Affairs
lorenza_favrot,Online
lyndsay_gehring,Online
lyndsay_gehring,Morningside
lyndsay_gehring,Arts
lyndsay_gehring,Humanities
lyndsay_gehring,Arts
lyndsay_gehring,Arts
m.s._in_nonprofit_management,Social Sciences
m.s._in_nonprofit_management,International and Public Affairs
maison_fran?aise,Arts
maison_fran?aise,Morningside
maison_fran?aise,Arts
maison_francaise,Seminar
manishka_de_mel,Graduate School of Arts and Sciences
manishka_de_mel,Graduate School of Arts and Sciences
manishka_de_mel,International and Public Affairs
manishka_de_mel,Social Sciences
manishka_de_mel,Seminar
marianna_pecoraro,Humanities
martine_lecorps,Seminar
martine_lecorps,Social Sciences
martine_lecorps,Online
martine_lecorps,Morningside
maya_lipsman,Online
maya_lipsman,Morningside
maya_lipsman,Seminar
maya_lipsman,Morningside
maya_lipsman,Social Sciences
maya_lipsman,Morningside
meaghan_doherty,Online
meaghan_doherty,International and Public Affairs
meaghan_doherty,Morningside
meaghan_doherty,Social Sciences
meg_mcguffin,Seminar
meg_mcguffin,International and Public Affairs
meg_mcguffin,Social Sciences
meg_mcguffin,Seminar
meg_mcguffin,Humanities
meg_mcguffin,Social Sciences
meg_mcguffin,Arts
meg_mcguffin,Seminar
mendelian_randomization_boot_camp,International and Public Affairs
mendelian_randomization_boot_camp,Social Sciences
michael_passow,Arts
michael_passow,International and Public Affairs
michael_passow,Morningside
michael_passow,Social Sciences
michael_passow,Humanities
michael_passow,Social Sciences
michael_passow,Arts
michelle_chesner,Arts
michelle_chesner,Online
michelle_chesner,Seminar
michelle_chesner,Graduate School of Arts and Sciences
michelle_chesner,Morningside
microbiome_data_analytics_boot_camp,Arts
microbiome_data_analytics_boot_camp,Graduate School of Arts and Sciences
miller_theatre_-_box_office,Social Sciences
miller_theatre_-_box_office,Morningside
miller_theatre_-_box_office,Graduate School of Arts and Sciences
mindy_myers,Social Sciences
moacir_p._de_sa_pereira,Arts
moacir_p._de_sa_pereira,Humanities
moacir_p._de_sa_pereira,Graduate School of Arts and Sciences
moacir_p._de_sa_pereira,Graduate School of Arts and Sciences
moacir_p._de_sa_pereira,Graduate School of Arts and Sciences
moacir_p._de_sa_pereira,Seminar
moacir_p._de_sa_pereira,Online
mpa-epm,Graduate School of Arts and Sciences
mpa-epm,Online
music_performance_program,Graduate School of Arts and Sciences
music_performance_program,International and Public Affairs
naja_l._muhammad,Humanities
naja_l._muhammad,Online
naja_l._muhammad,Social Sciences
naja_l._muhammad,Social Sciences
naja_l._muhammad,Humanities
naja_l._muhammad,Humanities
naja_l._muhammad,Online
natalie_trotta,Online
natalie_trotta,Arts
nebdhub,Morningside
nebdhub,Online
nebdhub,Arts
nebdhub,International and Public Affairs
nick_patterson,Humanities
nick_patterson,Social Sciences
nick_patterson,Social Sciences
nick_patterson,Humanities
nick_patterson,Humanities
nick_patterson,Humanities
nick_patterson,Humanities
nick_patterson,Seminar
nick_pozek,International and Public Affairs
nick_pozek,Morningside
nick_pozek,Graduate School of Arts and Sciences
nick_pozek,Humanities
nick_pozek,Morningside
nick_pozek,Social Sciences
nih_grant_writing_boot_camp,Graduate School of Arts and Sciences
noah_mullenix,Humanities
noah_mullenix,International and Public Affairs
noah_mullenix,Arts
office_of_community_service_programs,Humanities
office_of_community_service_programs,International and Public Affairs
office_of_community_service_programs,Arts
office_of_work/life,Graduate School of Arts and Sciences
office_of_work/life,Arts
office_of_work/life,Social Sciences
office_of_work/life,Social Sciences
olivia_grinberg,Arts
olivia_grinberg,Graduate School of Arts and Sciences
omar_j._herrera,Morningside
"oral_history_archives_at_columbia,",Online
"oral_history_archives_at_columbia,",Humanities
patrycja_bazylczyk,Social Sciences
patrycja_bazylczyk,Online
patrycja_bazylczyk,Graduate School of Arts and Sciences
patrycja_bazylczyk,Arts
patrycja_bazylczyk,Online
patrycja_bazylczyk,Social Sciences
pikachu327,Arts
pikachu327,Morningside
pikachu327,Humanities
pikachu327,International and Public Affairs
pikachu327,International and Public Affairs
pikachu327,Seminar
pikachu327,Seminar
python_data_wrangling_boot_camp,Seminar
python_data_wrangling_boot_camp,Morningside
python_data_wrangling_boot_camp,Morningside
python_data_wrangling_boot_camp,Seminar
python_data_wrangling_boot_camp,Seminar
rachel_stanton,International and Public Affairs
rachel_stanton,Humanities
rachel_stanton,Arts
rachel_stanton,Morningside
rachel_stanton,International and Public Affairs
radhika_iyangar,Seminar
radhika_iyangar,Morningside
radhika_iyangar,Online
radhika_iyangar,International and Public Affairs
radhika_iyangar,Graduate School of Arts and Sciences
radhika_iyangar,Morningside
radhika_iyangar,International and Public Affairs
radhika_iyengar,International and Public Affairs
radhika_iyengar,Online
radhika_iyengar,Graduate School of Arts and Sciences
radhika_iyengar,Social Sciences
raichu,Morningside
raichu,Arts
raichu,Seminar
raichu,Social Sciences
raj_center,International and Public Affairs
raj_center,Graduate School of Arts and Sciences
raj_center,Arts
raj_center,International and Public Affairs
raj_center,Arts
raj_center,International and Public Affairs
raj_center,International and Public Affairs
research_computing_services,Humanities
research_computing_services,International and Public Affairs
research_computing_services,Online
research_computing_services,Social Sciences
ricardo_morales,Graduate School of Arts and Sciences
ricardo_morales,International and Public Affairs
ricardo_morales,Graduate School of Arts and Sciences
ricardo_morales,Seminar
ricardo_morales,Social Sciences
ricardo_morales,International and Public Affairs
ricardo_morales,Online
ricardo_morales,Arts
rick_whitaker,International and Public Affairs
rick_whitaker,International and Public Affairs
rick_whitaker,Graduate School of Arts and Sciences
rick_whitaker,Graduate School of Arts and Sciences
rick_whitaker,International and Public Affairs
sabrina_diano,International and Public Affairs
sabrina_diano,Arts
sabrina_diano,Social Sciences
sakip_sabanci_center,Social Sciences
sakip_sabanci_center,Online
sakip_sabanci_center,Arts
saltzman_institute_of_war_and_peace_studies,Online
saltzman_institute_of_war_and_peace_studies,Humanities
sara_negrette,Humanities
sara_negrette,Arts
sara_negrette,Graduate School of Arts and Sciences
sara_negrette,Seminar
sara_negrette,Graduate School of Arts and Sciences
sara_negrette,Humanities
sarah_jessup,International and Public Affairs
sarah_jessup,Graduate School of Arts and Sciences
sarah_jessup,Morningside
sarah_jessup,International and Public Affairs
sarah_jessup,International and Public Affairs
sarah_jessup,Humanities
sarah_jessup,Arts
sarah_santana,International and Public Affairs
sarah_santana,Seminar
sarah_santana,Humanities
sarah_santana,Online
satrina_white_boyce,Humanities
satrina_white_boyce,Humanities
school_of_nursing,Seminar
school_of_nursing,International and Public Affairs
school_of_nursing,International and Public Affairs
school_of_nursing,Online
school_of_nursing,Online
school_of_professional_studies,Online
school_of_professional_studies,Morningside
school_of_professional_studies,Online
school_of_professional_studies,Morningside
school_of_professional_studies,Morningside
school_of_professional_studies,Humanities
scott_kelly,Humanities
scott_kelly,Social Sciences
scott_kelly,Seminar
scott_kelly,Online
scott_kelly,Morningside
scott_kelly,Arts
scott_kelly,International and Public Affairs
scott_kelly,Morningside
shaelyn_c_giampetroni,International and Public Affairs
shaelyn_c_giampetroni,Online
shaelyn_c_giampetroni,Social Sciences
shaelyn_c_giampetroni,International and Public Affairs
shaelyn_c_giampetroni,Graduate School of Arts and Sciences
shaelyn_c_giampetroni,Social Sciences
shaelyn_c_giampetroni,Social Sciences
shan_zha,Seminar
shan_zha,Morningside
shan_zha,Humanities
shan_zha,Graduate School of Arts and Sciences
shan_zha,Social Sciences
shuwen_tan,Social Sciences
shuwen_tan,Morningside
shuwen_tan,Arts
shuwen_tan,Arts
shuwen_tan,Humanities
shuwen_tan,Graduate School of Arts and Sciences
shuwen_tan,Graduate School of Arts and Sciences
shuwen_tan,Morningside
single_cell_analysis_boot_camp,International and Public Affairs
single_cell_analysis_boot_camp,International and Public Affairs
single_cell_analysis_boot_camp,Seminar
single_cell_analysis_boot_camp,Arts
single_cell_analysis_boot_camp,Seminar
sipa_events,Online
sof/heyman,Graduate School of Arts and Sciences
sof/heyman,Social Sciences
sof/heyman,Graduate School of Arts and Sciences
sof/heyman,International and Public Affairs
sof/heyman,Morningside
sof/heyman,Online
sof/heyman,Morningside
sony_thornton,Social Sciences
sps_wealth_management,Graduate School of Arts and Sciences
sps_wealth_management,Seminar
sps_wealth_management,Seminar
stephanie_busch,Morningside
stephanie_busch,Morningside
stephanie_busch,Humanities
stephanie_busch,Seminar
stuart_fischer,International and Public Affairs
stuart_fischer,Humanities
stuart_fischer,Social Sciences
stuart_fischer,Graduate School of Arts and Sciences
stuart_fischer,Arts
stuart_fischer,Humanities
stuart_fischer,Morningside
student_engagement,Online
student_engagement,Online
student_engagement,Online
student_engagement,Morningside
"student_health_insurance_office,_columbia_health",Social Sciences
"student_health_insurance_office,_columbia_health",Arts
"student_health_insurance_office,_columbia_health",Graduate School of Arts and Sciences
"student_health_insurance_office,_columbia_health",Social Sciences
"student_health_insurance_office,_columbia_health",Arts
"student_health_insurance_office,_columbia_health",Humanities
"student_health_insurance_office,_columbia_health",Social Sciences
"student_health_insurance_office,_columbia_health",Social Sciences
summer_sessions_team,Social Sciences
summer_sessions_team,Humanities
summer_sessions_team,Seminar
summer_sessions_team,Arts
summer_sessions_team,Humanities
sundial_house:_latin_american_&amp;_iberian_literature_in_translation,Graduate School of Arts and Sciences
sundial_house:_latin_american_&amp;_iberian_literature_in_translation,Humanities
svitlana_samoilina,Online
svitlana_samoilina,Humanities
svitlana_samoilina,Morningside
svitlana_samoilina,Humanities
svitlana_samoilina,Seminar
svitlana_samoilina,Graduate School of Arts and Sciences
svitlana_samoilina,Seminar
svitlana_samoilina,Online
tamer_center_for_social_enterprise,Humanities
tamer_center_for_social_enterprise,Morningside
tamer_center_for_social_enterprise,International and Public Affairs
tamer_center_for_social_enterprise,Humanities
tamer_center_for_social_enterprise,Morningside
"teachers_college,_columbia_university",Seminar
"teachers_college,_columbia_university",Seminar
"teachers_college,_columbia_university",Social Sciences
"teachers_college,_columbia_university",Online
"teachers_college,_columbia_university",Arts
tessa_mcgowan,Seminar
tessa_mcgowan,Humanities
tessa_mcgowan,Graduate School of Arts and Sciences
tessa_mcgowan,Morningside
tessa_mcgowan,International and Public Affairs
tessa_mcgowan,Humanities
tessa_mcgowan,Seminar
tessa_mcgowan,Arts
the_exposome_boot_camp,Arts
the_exposome_boot_camp,Arts
the_forum,Social Sciences
the_forum,Graduate School of Arts and Sciences
the_forum,Arts
the_forum,International and Public Affairs
the_holder_initiative,Humanities
the_holder_initiative,Arts
the_italian_academy,Graduate School of Arts and Sciences
the_italian_academy,Arts
the_italian_academy,Online
the_italian_academy,Online
tiffany_campiz-challe,International and Public Affairs
tiffany_campiz-challe,Humanities
tiffany_campiz-challe,International and Public Affairs
tiffany_campiz-challe,Online
tiffany_campiz-challe,Online
tiffany_campiz-challe,Arts
tiffany_campiz-challe,Seminar
timur_pakay,Seminar
timur_pakay,Morningside
timur_pakay,Social Sciences
timur_pakay,Graduate School of Arts and Sciences
timur_pakay,Seminar
tonya_richards,Humanities
tonya_richards,Social Sciences
tonya_richards,Graduate School of Arts and Sciences
tonya_richards,Graduate School of Arts and Sciences
tonya_richards,Arts
tonya_richards,Arts
tonya_richards,Social Sciences
university_programs_and_events,Social Sciences
university_programs_and_events,International and Public Affairs
university_programs_and_events,Morningside
university_programs_and_events,Humanities
university_senate,International and Public Affairs
university_senate,Graduate School of Arts and Sciences
university_senate,Humanities
victoria_malaney_brown,Graduate School of Arts and Sciences
victoria_malaney_brown,Graduate School of Arts and Sciences
victoria_malaney_brown,Seminar
victoria_malaney_brown,Arts
victoria_malaney_brown,Seminar
victoria_malaney_brown,Seminar
victoria_malaney_brown,Online
victoria_malaney_brown,Online
virpratap_vikram_singh,Social Sciences
virpratap_vikram_singh,Morningside
visitors_center,Morningside
visitors_center,Online
visitors_center,Morningside
visitors_center,Humanities
visitors_center,Arts
voting_week,Humanities
voting_week,Social Sciences
voting_week,Graduate School of Arts and Sciences
voting_week,Morningside
voting_week,Arts
vp&amp;s_office_for_women_and_diverse_faculty,International and Public Affairs
vp&amp;s_office_for_women_and_diverse_faculty,Morningside
vp&amp;s_office_for_women_and_diverse_faculty,Humanities
weinberg_family_cerebral_palsy_center,Online
weinberg_family_cerebral_palsy_center,Humanities
weinberg_family_cerebral_palsy_center,Graduate School of Arts and Sciences
weinberg_family_cerebral_palsy_center,Morningside
weinberg_family_cerebral_palsy_center,Social Sciences
weinberg_family_cerebral_palsy_center,Seminar
whitney_collado,International and Public Affairs
whitney_collado,Social Sciences
whitney_collado,Graduate School of Arts and Sciences
whitney_collado,Social Sciences
whitney_collado,International and Public Affairs
whitney_collado,Morningside
world_leaders_forum,Seminar
world_leaders_forum,Online
world_leaders_forum,Social Sciences
world_leaders_forum,Social Sciences
world_leaders_forum,Humanities
yasmin_saira,Humanities
yumi_otsu,Graduate School of Arts and Sciences
yumi_otsu,Seminar
yumi_otsu,Seminar
yumi_otsu,Arts
zuckerman_institute,Social Sciences
zuckerman_institute,Seminar
